id,tokens_model_1,labels_model_1,predictions_model_1,tokens_model_2,labels_model_2,predictions_model_2,model_1_wrong,model_2_wrong
4,"['tion', '.', 'Then', ',', 'we', 'extract', 'expansion', 'terms', 'from', 'these', 'clusters', 'using', 'pseudo', 'relevance', 'feedback', '(', 'PRF', ')', 'as', 'implemented', 'in', 'Terrier', '.']","['O', 'O', 'O', 'O', 'O', 'O', 'O', 'O', 'O', 'O', 'O', 'O', 'B-long', 'I-long', 'I-long', 'O', 'B-short', 'O', 'O', 'O', 'O', 'O', 'O']","['O', 'O', 'O', 'O', 'O', 'O', 'O', 'O', 'O', 'O', 'O', 'O', 'O', 'B-long', 'I-long', 'O', 'B-short', 'O', 'O', 'O', 'O', 'O', 'O']","['tion', 'Then', 'we', 'extract', 'expansion', 'terms', 'from', 'these', 'clusters', 'using', 'pseudo', 'relevance', 'feedback', '(', 'PRF', ')', 'as', 'implemented', 'in', 'Terrier']","['O', 'O', 'O', 'O', 'O', 'O', 'O', 'O', 'O', 'O', 'B-long', 'I-long', 'I-long', 'O', 'B-short', 'O', 'O', 'O', 'O', 'O']","['O', 'O', 'O', 'O', 'O', 'O', 'O', 'O', 'O', 'O', 'B-long', 'I-long', 'I-long', 'O', 'B-short', 'O', 'O', 'O', 'O', 'O']",True,False
27,"['networks', '.', 'In', 'Proceedings', 'of', 'the', 'IEEE', 'Conference', 'on', 'Computer', 'Vision', 'and', 'Pattern', 'Recognition', '(', 'CVPR', ')', '.']","['O', 'O', 'O', 'O', 'O', 'O', 'B-short', 'O', 'O', 'B-long', 'I-long', 'I-long', 'I-long', 'I-long', 'O', 'B-short', 'O', 'O']","['O', 'O', 'O', 'O', 'O', 'O', 'B-short', 'O', 'O', 'B-long', 'I-long', 'I-long', 'I-long', 'I-long', 'O', 'B-short', 'O', 'O']","['networks', 'In', 'Proceedings', 'of', 'the', 'IEEE', 'Conference', 'on', 'Computer', 'Vision', 'and', 'Pattern', 'Recognition', '(', 'CVPR', ')']","['O', 'O', 'O', 'O', 'O', 'B-short', 'O', 'O', 'B-long', 'I-long', 'I-long', 'I-long', 'I-long', 'O', 'B-short', 'O']","['O', 'O', 'O', 'O', 'O', 'O', 'O', 'O', 'B-long', 'I-long', 'I-long', 'I-long', 'I-long', 'O', 'B-short', 'O']",False,True
32,"['The', 'DlmSum', 'Summarization', 'Clientprovldes', 'a', 'sum', '-', 'mary', 'of', 'a', 'document', 'in', 'multiple', 'dlmeuslons', 'through', 'a', 'graphical', 'user', 'interface', '(', 'GUI', ')', 'to', 'smt', 'dflferent', 'users', ""'"", 'needs', 'In', 'contrast', 'o', 'a', 'static', 'view', 'of', 'a', 'doc', '-']","['O', 'O', 'O', 'O', 'O', 'O', 'O', 'O', 'O', 'O', 'O', 'O', 'O', 'O', 'O', 'O', 'B-long', 'I-long', 'I-long', 'O', 'B-short', 'O', 'O', 'O', 'O', 'O', 'O', 'O', 'O', 'O', 'O', 'O', 'O', 'O', 'O', 'O', 'O', 'O']","['O', 'O', 'O', 'O', 'O', 'O', 'O', 'O', 'O', 'O', 'O', 'O', 'O', 'O', 'O', 'O', 'B-long', 'I-long', 'I-long', 'O', 'B-short', 'O', 'O', 'O', 'O', 'O', 'O', 'O', 'O', 'O', 'O', 'O', 'O', 'O', 'O', 'O', 'O', 'O']","['The', 'DlmSum', 'Summarization', 'Clientprovldes', 'a', 'sum', 'mary', 'of', 'a', 'document', 'in', 'multiple', 'dlmeuslons', 'through', 'a', 'graphical', 'user', 'interface', '(', 'GUI', ')', 'to', 'smt', 'dflferent', 'users', 'needs', 'In', 'contrast', 'o', 'a', 'static', 'view', 'of', 'a', 'doc']","['O', 'O', 'O', 'O', 'O', 'O', 'O', 'O', 'O', 'O', 'O', 'O', 'O', 'O', 'O', 'B-long', 'I-long', 'I-long', 'O', 'B-short', 'O', 'O', 'O', 'O', 'O', 'O', 'O', 'O', 'O', 'O', 'O', 'O', 'O', 'O', 'O']","['O', 'B-short', 'O', 'O', 'O', 'O', 'O', 'O', 'O', 'O', 'O', 'O', 'O', 'O', 'O', 'B-long', 'I-long', 'I-long', 'O', 'B-short', 'O', 'O', 'O', 'O', 'O', 'O', 'O', 'O', 'O', 'O', 'O', 'O', 'O', 'O', 'O']",False,True
33,"['is', 'encoded', 'in', 'the', 'attributes', 'MODALITY', 'and', 'POLARITY', '.', 'Modality', 'at', 'the', 'syntactic', 'level', 'is', 'encoded', 'as', 'an', 'attribute', 'of', 'the', 'tag', 'SLINK', '(', 'Subordination', 'Link', ')', ',', 'which', 'can', 'have', 'several', 'values', ':', 'factive', ',', 'counterfactive', ',', 'evidential', ',', 'negative', 'evidential', ',', 'modal', ',']","['O', 'O', 'O', 'O', 'O', 'O', 'O', 'O', 'O', 'O', 'O', 'O', 'O', 'O', 'O', 'O', 'O', 'O', 'O', 'O', 'O', 'O', 'B-short', 'O', 'B-long', 'I-long', 'O', 'O', 'O', 'O', 'O', 'O', 'O', 'O', 'O', 'O', 'O', 'O', 'O', 'O', 'O', 'O', 'O', 'O', 'O']","['O', 'O', 'O', 'O', 'O', 'O', 'O', 'O', 'O', 'O', 'O', 'O', 'O', 'O', 'O', 'O', 'O', 'O', 'O', 'O', 'O', 'O', 'B-short', 'O', 'B-long', 'I-long', 'O', 'O', 'O', 'O', 'O', 'O', 'O', 'O', 'O', 'O', 'O', 'O', 'O', 'O', 'O', 'O', 'O', 'O', 'O']","['is', 'encoded', 'in', 'the', 'attributes', 'MODALITY', 'and', 'POLARITY', 'Modality', 'at', 'the', 'syntactic', 'level', 'is', 'encoded', 'as', 'an', 'attribute', 'of', 'the', 'tag', 'SLINK', '(', 'Subordination', 'Link', ')', 'which', 'can', 'have', 'several', 'values', 'factive', 'counterfactive', 'evidential', 'negative', 'evidential', 'modal']","['O', 'O', 'O', 'O', 'O', 'O', 'O', 'O', 'O', 'O', 'O', 'O', 'O', 'O', 'O', 'O', 'O', 'O', 'O', 'O', 'O', 'B-short', 'O', 'B-long', 'I-long', 'O', 'O', 'O', 'O', 'O', 'O', 'O', 'O', 'O', 'O', 'O', 'O']","['O', 'O', 'O', 'O', 'O', 'B-short', 'O', 'O', 'O', 'O', 'O', 'O', 'O', 'O', 'O', 'O', 'O', 'O', 'O', 'O', 'O', 'B-short', 'O', 'B-long', 'I-long', 'O', 'O', 'O', 'O', 'O', 'O', 'O', 'O', 'O', 'O', 'O', 'O']",False,True
47,"['XOAJC', '+', 'LC', '*', 'Ave', '(', 'XOAJC', ')', '/', 'Ave', '(', 'XOAR', ')', 'The', 'second', 'strategy', 'consists', 'in', 'building', 'a', 'prediction', 'model', 'for', 'BLAST', 'bit', 'score', '(', 'BBS', ')', 'using', 'the', 'XOA', 'score', 'and', 'the', 'log', '-', 'cosine', 'LC', 'as', 'predictors']","['B-short', 'O', 'B-short', 'O', 'O', 'O', 'B-short', 'O', 'O', 'O', 'O', 'B-short', 'O', 'O', 'O', 'O', 'O', 'O', 'O', 'O', 'O', 'O', 'O', 'B-long', 'I-long', 'I-long', 'O', 'B-short', 'O', 'O', 'O', 'B-short', 'O', 'O', 'O', 'O', 'O', 'O', 'B-short', 'O', 'O']","['B-short', 'O', 'B-short', 'O', 'O', 'O', 'B-short', 'O', 'O', 'O', 'O', 'B-short', 'O', 'O', 'O', 'O', 'O', 'O', 'O', 'O', 'O', 'O', 'O', 'B-long', 'I-long', 'I-long', 'O', 'B-short', 'O', 'O', 'O', 'B-short', 'O', 'O', 'O', 'O', 'O', 'O', 'B-short', 'O', 'O']","['XOAJC', 'LC', 'Ave', '(', 'XOAJC', ')', 'Ave', '(', 'XOAR', ')', 'The', 'second', 'strategy', 'consists', 'in', 'building', 'a', 'prediction', 'model', 'for', 'BLAST', 'bit', 'score', '(', 'BBS', ')', 'using', 'the', 'XOA', 'score', 'and', 'the', 'log', 'cosine', 'LC', 'as', 'predictors']","['B-short', 'B-short', 'O', 'O', 'B-short', 'O', 'O', 'O', 'B-short', 'O', 'O', 'O', 'O', 'O', 'O', 'O', 'O', 'O', 'O', 'O', 'B-long', 'I-long', 'I-long', 'O', 'B-short', 'O', 'O', 'O', 'B-short', 'O', 'O', 'O', 'O', 'O', 'B-short', 'O', 'O']","['B-short', 'O', 'O', 'O', 'B-short', 'O', 'B-long', 'O', 'B-short', 'O', 'O', 'O', 'O', 'O', 'O', 'O', 'O', 'O', 'O', 'O', 'B-long', 'I-long', 'I-long', 'O', 'B-short', 'O', 'O', 'O', 'B-short', 'O', 'O', 'O', 'B-short', 'O', 'B-short', 'O', 'O']",False,True
52,"['3', 'Experimental', 'Results', 'and', 'Discussion', 'We', 'conducted', 'closed', 'track', 'experiments', 'on', 'the', 'Hong', 'Kong', 'City', 'University', '(', 'CityU', ')', 'corpus', 'in', 'The', 'Second', 'International', 'Chinese', 'Word', 'Segmen', '-']","['O', 'O', 'O', 'O', 'O', 'O', 'O', 'O', 'O', 'O', 'O', 'O', 'O', 'O', 'B-long', 'I-long', 'O', 'B-short', 'O', 'O', 'O', 'O', 'O', 'O', 'O', 'O', 'O', 'O']","['O', 'O', 'O', 'O', 'O', 'O', 'O', 'O', 'O', 'O', 'O', 'O', 'O', 'O', 'B-long', 'I-long', 'O', 'B-short', 'O', 'O', 'O', 'O', 'O', 'O', 'O', 'O', 'O', 'O']","['3', 'Experimental', 'Results', 'and', 'Discussion', 'We', 'conducted', 'closed', 'track', 'experiments', 'on', 'the', 'Hong', 'Kong', 'City', 'University', '(', 'CityU', ')', 'corpus', 'in', 'The', 'Second', 'International', 'Chinese', 'Word', 'Segmen']","['O', 'O', 'O', 'O', 'O', 'O', 'O', 'O', 'O', 'O', 'O', 'O', 'O', 'O', 'B-long', 'I-long', 'O', 'B-short', 'O', 'O', 'O', 'O', 'O', 'O', 'O', 'O', 'O']","['O', 'O', 'O', 'O', 'O', 'O', 'O', 'O', 'O', 'O', 'O', 'O', 'O', 'O', 'B-long', 'O', 'O', 'B-short', 'O', 'O', 'O', 'O', 'O', 'O', 'O', 'O', 'O']",False,True
66,"['Output', '(', '0', '<', 'x', '<', '1', ')', 'Figure', '3', 'Neural', 'network', 'architecture', '(', 'DA', '=', 'descriptor', 'array', 'of', '20', 'items', ')', '.']","['O', 'O', 'O', 'O', 'O', 'O', 'O', 'O', 'O', 'O', 'O', 'O', 'O', 'O', 'B-short', 'O', 'B-long', 'I-long', 'O', 'O', 'O', 'O', 'O']","['O', 'O', 'O', 'O', 'O', 'O', 'O', 'O', 'O', 'O', 'O', 'O', 'O', 'O', 'B-short', 'O', 'B-long', 'I-long', 'O', 'O', 'O', 'O', 'O']","['Output', '(', '0', 'x', '1', ')', 'Figure', '3', 'Neural', 'network', 'architecture', '(', 'DA', 'descriptor', 'array', 'of', '20', 'items', ')']","['O', 'O', 'O', 'O', 'O', 'O', 'O', 'O', 'O', 'O', 'O', 'O', 'B-short', 'B-long', 'I-long', 'O', 'O', 'O', 'O']","['O', 'O', 'O', 'O', 'O', 'O', 'O', 'O', 'O', 'O', 'O', 'O', 'B-short', 'B-long', 'O', 'O', 'O', 'O', 'O']",False,True
76,"['Since', 'many', 'responses', 'in', 'ETLA', 'are', 'expected', 'to', 'follow', 'certain', 'patterns', ',', 'it', 'is', 'intuitive', 'to', 'construct', 'limited', 'regular', 'expressions', '(', 'RegEx', ')', 'to', 'match', 'gold', 'standard', 'responses', 'for', 'candidates', 'with', 'high', 'profi', '-']","['O', 'O', 'O', 'O', 'B-short', 'O', 'O', 'O', 'O', 'O', 'O', 'O', 'O', 'O', 'O', 'O', 'O', 'O', 'B-long', 'I-long', 'O', 'B-short', 'O', 'O', 'O', 'O', 'O', 'O', 'O', 'O', 'O', 'O', 'O', 'O']","['O', 'O', 'O', 'O', 'B-short', 'O', 'O', 'O', 'O', 'O', 'O', 'O', 'O', 'O', 'O', 'O', 'O', 'O', 'B-long', 'I-long', 'O', 'B-short', 'O', 'O', 'O', 'O', 'O', 'O', 'O', 'O', 'O', 'O', 'O', 'O']","['Since', 'many', 'responses', 'in', 'ETLA', 'are', 'expected', 'to', 'follow', 'certain', 'patterns', 'it', 'is', 'intuitive', 'to', 'construct', 'limited', 'regular', 'expressions', '(', 'RegEx', ')', 'to', 'match', 'gold', 'standard', 'responses', 'for', 'candidates', 'with', 'high', 'profi']","['O', 'O', 'O', 'O', 'B-short', 'O', 'O', 'O', 'O', 'O', 'O', 'O', 'O', 'O', 'O', 'O', 'O', 'B-long', 'I-long', 'O', 'B-short', 'O', 'O', 'O', 'O', 'O', 'O', 'O', 'O', 'O', 'O', 'O']","['O', 'O', 'O', 'O', 'B-short', 'O', 'O', 'O', 'O', 'O', 'O', 'O', 'O', 'O', 'O', 'O', 'B-long', 'I-long', 'I-long', 'O', 'B-short', 'O', 'O', 'O', 'O', 'O', 'O', 'O', 'O', 'O', 'O', 'O']",False,True
79,"['tion', 'probabilities', 'in', 'both', 'directions', ',', 'seven', 'features', 'for', 'the', 'lexicalized', 'distortion', 'model', ',', 'a', 'word', 'and', 'a', 'phrase', 'penalty', 'and', 'a', 'target', 'language', 'model', '(', 'LM', ')', '.']","['O', 'O', 'O', 'O', 'O', 'O', 'O', 'O', 'O', 'O', 'O', 'O', 'O', 'O', 'O', 'O', 'O', 'O', 'O', 'O', 'O', 'O', 'O', 'B-long', 'I-long', 'O', 'B-short', 'O', 'O']","['O', 'O', 'O', 'O', 'O', 'O', 'O', 'O', 'O', 'O', 'O', 'O', 'O', 'O', 'O', 'O', 'O', 'O', 'O', 'O', 'O', 'O', 'O', 'B-long', 'I-long', 'O', 'B-short', 'O', 'O']","['tion', 'probabilities', 'in', 'both', 'directions', 'seven', 'features', 'for', 'the', 'lexicalized', 'distortion', 'model', 'a', 'word', 'and', 'a', 'phrase', 'penalty', 'and', 'a', 'target', 'language', 'model', '(', 'LM', ')']","['O', 'O', 'O', 'O', 'O', 'O', 'O', 'O', 'O', 'O', 'O', 'O', 'O', 'O', 'O', 'O', 'O', 'O', 'O', 'O', 'O', 'B-long', 'I-long', 'O', 'B-short', 'O']","['O', 'O', 'O', 'O', 'O', 'O', 'O', 'O', 'O', 'O', 'O', 'O', 'O', 'O', 'O', 'O', 'O', 'O', 'O', 'O', 'B-long', 'I-long', 'I-long', 'O', 'B-short', 'O']",False,True
80,"['AST', '=', 'Adjectival', 'Sta', '~', 'VST', '=', 'Verb', 'Stem', 'DET', '=', 'Determine', '~', 'N-FLEX', '=', 'Nominal', 'Inflexion', 'NST', '=', 'Noun', 'Stem', 'V-FLEX', '=', 'Verbal', 'Inflsxion', 'PRN', '=', 'Pronoun', 'A-FLEX', '=', 'Adjectival', 'Inflexion']","['B-short', 'O', 'B-long', 'I-long', 'O', 'B-short', 'O', 'B-long', 'I-long', 'B-short', 'O', 'B-long', 'O', 'B-short', 'O', 'B-long', 'I-long', 'B-short', 'O', 'B-long', 'I-long', 'B-short', 'O', 'B-long', 'I-long', 'B-short', 'O', 'B-long', 'B-short', 'O', 'B-long', 'I-long']","['B-short', 'O', 'B-long', 'I-long', 'O', 'B-short', 'O', 'B-long', 'I-long', 'B-short', 'O', 'B-long', 'O', 'B-short', 'O', 'B-long', 'I-long', 'B-short', 'O', 'B-long', 'O', 'B-short', 'O', 'B-long', 'I-long', 'B-short', 'O', 'B-long', 'B-short', 'O', 'B-long', 'I-long']","['AST', 'Adjectival', 'Sta', 'VST', 'Verb', 'Stem', 'DET', 'Determine', 'N-FLEX', 'Nominal', 'Inflexion', 'NST', 'Noun', 'Stem', 'V-FLEX', 'Verbal', 'Inflsxion', 'PRN', 'Pronoun', 'A-FLEX', 'Adjectival', 'Inflexion']","['B-short', 'B-long', 'I-long', 'B-short', 'B-long', 'I-long', 'B-short', 'B-long', 'B-short', 'B-long', 'I-long', 'B-short', 'B-long', 'I-long', 'B-short', 'B-long', 'I-long', 'B-short', 'B-long', 'B-short', 'B-long', 'I-long']","['B-short', 'B-long', 'I-long', 'B-short', 'B-long', 'I-long', 'B-short', 'B-long', 'B-short', 'B-long', 'I-long', 'B-short', 'B-long', 'I-long', 'B-short', 'B-long', 'I-long', 'B-short', 'B-long', 'B-short', 'B-long', 'I-long']",True,False
88,"['we', 'annotate', '?', 'Chen', '?', 'as', 'the', 'Agent', '(', 'ARG0', ')', 'of', 'the', 'full', 'predicate', '?', '[']","['O', 'O', 'O', 'O', 'O', 'B-long', 'I-long', 'I-long', 'O', 'B-short', 'O', 'O', 'O', 'O', 'O', 'O', 'O']","['O', 'O', 'O', 'O', 'O', 'O', 'O', 'B-long', 'O', 'B-short', 'O', 'O', 'O', 'O', 'O', 'O', 'O']","['we', 'annotate', 'Chen', 'as', 'the', 'Agent', '(', 'ARG0', ')', 'of', 'the', 'full', 'predicate']","['O', 'O', 'O', 'B-long', 'I-long', 'I-long', 'O', 'B-short', 'O', 'O', 'O', 'O', 'O']","['O', 'O', 'O', 'B-long', 'I-long', 'I-long', 'O', 'B-short', 'O', 'O', 'O', 'O', 'O']",True,False
89,"['Table', '3', ':', 'The', 'configurations', 'of', 'our', 'systems', '.', 'The', 'abbreviations', 'in', 'the', 'last', 'column', 'mean', 'training', 'set', '(', 'TS', ')', 'and', 'validating', 'set', '(', 'VS', ')', 'explaining', 'in', 'section', '5', '.', '1', '.']","['O', 'O', 'O', 'O', 'O', 'O', 'O', 'O', 'O', 'O', 'O', 'O', 'O', 'O', 'O', 'O', 'B-long', 'I-long', 'O', 'B-short', 'O', 'O', 'B-long', 'I-long', 'O', 'B-short', 'O', 'O', 'O', 'O', 'O', 'O', 'O', 'O']","['O', 'O', 'O', 'O', 'O', 'O', 'O', 'O', 'O', 'O', 'O', 'O', 'O', 'O', 'O', 'O', 'B-long', 'I-long', 'O', 'B-short', 'O', 'O', 'B-long', 'O', 'O', 'B-short', 'O', 'O', 'O', 'O', 'O', 'O', 'O', 'O']","['Table', '3', 'The', 'configurations', 'of', 'our', 'systems', 'The', 'abbreviations', 'in', 'the', 'last', 'column', 'mean', 'training', 'set', '(', 'TS', ')', 'and', 'validating', 'set', '(', 'VS', ')', 'explaining', 'in', 'section', '5', '1']","['O', 'O', 'O', 'O', 'O', 'O', 'O', 'O', 'O', 'O', 'O', 'O', 'O', 'O', 'B-long', 'I-long', 'O', 'B-short', 'O', 'O', 'B-long', 'I-long', 'O', 'B-short', 'O', 'O', 'O', 'O', 'O', 'O']","['O', 'O', 'O', 'O', 'O', 'O', 'O', 'O', 'O', 'O', 'O', 'O', 'O', 'O', 'B-long', 'I-long', 'O', 'B-short', 'O', 'O', 'B-long', 'I-long', 'O', 'B-short', 'O', 'O', 'O', 'O', 'O', 'O']",True,False
93,"['whole', 'of', 'MARY', '=', 'K', 'Mary', '>', '.', 'referent', 'of', 'MARY', '=', 'Mary', '.']","['O', 'O', 'B-short', 'O', 'O', 'B-long', 'O', 'O', 'O', 'O', 'B-short', 'O', 'B-long', 'O']","['O', 'O', 'B-short', 'O', 'O', 'B-long', 'O', 'O', 'O', 'O', 'B-short', 'O', 'B-long', 'O']","['whole', 'of', 'MARY', 'K', 'Mary', 'referent', 'of', 'MARY', 'Mary']","['O', 'O', 'B-short', 'O', 'B-long', 'O', 'O', 'B-short', 'B-long']","['O', 'O', 'B-short', 'O', 'O', 'O', 'O', 'B-short', 'O']",False,True
95,"['data', 'are', 'used', 'to', 'train', 'a', 'classifier', ',', 'using', 'any', 'cost-sensitive', 'classification', '(', 'CSC', ')', 'method', '(', 'line', '15', ')', '.', 'New', 'pi']","['O', 'O', 'O', 'O', 'O', 'O', 'O', 'O', 'O', 'O', 'B-long', 'I-long', 'O', 'B-short', 'O', 'O', 'O', 'O', 'O', 'O', 'O', 'O', 'O']","['O', 'O', 'O', 'O', 'O', 'O', 'O', 'O', 'O', 'O', 'O', 'B-long', 'O', 'B-short', 'O', 'O', 'O', 'O', 'O', 'O', 'O', 'O', 'O']","['data', 'are', 'used', 'to', 'train', 'a', 'classifier', 'using', 'any', 'cost-sensitive', 'classification', '(', 'CSC', ')', 'method', '(', 'line', '15', ')', 'New', 'pi']","['O', 'O', 'O', 'O', 'O', 'O', 'O', 'O', 'O', 'B-long', 'I-long', 'O', 'B-short', 'O', 'O', 'O', 'O', 'O', 'O', 'O', 'O']","['O', 'O', 'O', 'O', 'O', 'O', 'O', 'O', 'O', 'B-long', 'I-long', 'O', 'B-short', 'O', 'O', 'O', 'O', 'O', 'O', 'O', 'O']",True,False
105,"['reflecting', 'the', 'distribution', 'of', 'the', 'genres', 'in', 'the', 'MTC', '(', 'Zeyrek', 'et', 'al', '2009', ')', '.', 'The', 'main', 'objective', 'of', 'the', 'project', 'is', 'to', 'annotate', 'discourse', 'connectives', 'with', 'their', 'two', 'arguments', ',', 'modifiers', 'and', 'supplementary', 'text', 'spans', '.', 'Following', 'the', 'Penn', 'Discourse', 'Tree', 'Bank', '(', 'PDTB', ')', ',', 'we', 'take', 'discourse', 'connectives', 'as', 'discourse', '-', 'level', 'predicates', 'taking', 'two', '(', 'and', 'only', 'two', ')', 'arguments', ',', 'called', 'Arg1', 'and', 'Arg2', ',', 'which', 'may', 'span', 'one', 'or', 'more', 'clauses', 'and', 'sentences', 'that', 'are', 'adjacent', 'or', 'nonadjacent', 'to', 'the', 'connective', '(', 'Prasad', 'et', 'al', '2007', ',', 'Webber', ',', '2004', ')', '.']","['O', 'O', 'O', 'O', 'O', 'O', 'O', 'O', 'B-short', 'O', 'O', 'O', 'O', 'O', 'O', 'O', 'O', 'O', 'O', 'O', 'O', 'O', 'O', 'O', 'O', 'O', 'O', 'O', 'O', 'O', 'O', 'O', 'O', 'O', 'O', 'O', 'O', 'O', 'O', 'O', 'B-long', 'I-long', 'I-long', 'I-long', 'O', 'B-short', 'O', 'O', 'O', 'O', 'O', 'O', 'O', 'O', 'O', 'O', 'O', 'O', 'O', 'O', 'O', 'O', 'O', 'O', 'O', 'O', 'O', 'O', 'O', 'O', 'O', 'O', 'O', 'O', 'O', 'O', 'O', 'O', 'O', 'O', 'O', 'O', 'O', 'O', 'O', 'O', 'O', 'O', 'O', 'O', 'O', 'O', 'O', 'O', 'O', 'O', 'O', 'O', 'O']","['O', 'O', 'O', 'O', 'O', 'O', 'O', 'O', 'B-short', 'O', 'O', 'O', 'O', 'O', 'O', 'O', 'O', 'O', 'O', 'O', 'O', 'O', 'O', 'O', 'O', 'O', 'O', 'O', 'O', 'O', 'O', 'O', 'O', 'O', 'O', 'O', 'O', 'O', 'O', 'O', 'B-long', 'I-long', 'I-long', 'I-long', 'O', 'B-short', 'O', 'O', 'O', 'O', 'O', 'O', 'O', 'O', 'O', 'O', 'O', 'O', 'O', 'O', 'O', 'O', 'O', 'O', 'O', 'O', 'O', 'B-short', 'O', 'B-short', 'O', 'O', 'O', 'O', 'O', 'O', 'O', 'O', 'O', 'O', 'O', 'O', 'O', 'O', 'O', 'O', 'O', 'O', 'O', 'O', 'O', 'O', 'O', 'O', 'O', 'O', 'O', 'O', 'O']","['reflecting', 'the', 'distribution', 'of', 'the', 'genres', 'in', 'the', 'MTC', '(', 'Zeyrek', 'et', 'al', '2009', ')', 'The', 'main', 'objective', 'of', 'the', 'project', 'is', 'to', 'annotate', 'discourse', 'connectives', 'with', 'their', 'two', 'arguments', 'modifiers', 'and', 'supplementary', 'text', 'spans', 'Following', 'the', 'Penn', 'Discourse', 'Tree', 'Bank', '(', 'PDTB', ')', 'we', 'take', 'discourse', 'connectives', 'as', 'discourse', 'level', 'predicates', 'taking', 'two', '(', 'and', 'only', 'two', ')', 'arguments', 'called', 'Arg1', 'and', 'Arg2', 'which', 'may', 'span', 'one', 'or', 'more', 'clauses', 'and', 'sentences', 'that', 'are', 'adjacent', 'or', 'nonadjacent', 'to', 'the', 'connective', '(', 'Prasad', 'et', 'al', '2007', 'Webber', '2004', ')']","['O', 'O', 'O', 'O', 'O', 'O', 'O', 'O', 'B-short', 'O', 'O', 'O', 'O', 'O', 'O', 'O', 'O', 'O', 'O', 'O', 'O', 'O', 'O', 'O', 'O', 'O', 'O', 'O', 'O', 'O', 'O', 'O', 'O', 'O', 'O', 'O', 'O', 'B-long', 'I-long', 'I-long', 'I-long', 'O', 'B-short', 'O', 'O', 'O', 'O', 'O', 'O', 'O', 'O', 'O', 'O', 'O', 'O', 'O', 'O', 'O', 'O', 'O', 'O', 'O', 'O', 'O', 'O', 'O', 'O', 'O', 'O', 'O', 'O', 'O', 'O', 'O', 'O', 'O', 'O', 'O', 'O', 'O', 'O', 'O', 'O', 'O', 'O', 'O', 'O', 'O', 'O']","['O', 'O', 'O', 'O', 'O', 'O', 'O', 'O', 'B-short', 'O', 'O', 'O', 'O', 'O', 'O', 'O', 'O', 'O', 'O', 'O', 'O', 'O', 'O', 'O', 'O', 'O', 'O', 'O', 'O', 'O', 'O', 'O', 'O', 'O', 'O', 'O', 'O', 'B-long', 'I-long', 'I-long', 'I-long', 'O', 'B-short', 'O', 'O', 'O', 'O', 'O', 'O', 'O', 'O', 'O', 'O', 'O', 'O', 'O', 'O', 'O', 'O', 'O', 'O', 'O', 'O', 'O', 'O', 'O', 'O', 'O', 'O', 'O', 'O', 'O', 'O', 'O', 'O', 'O', 'O', 'O', 'O', 'O', 'O', 'O', 'O', 'O', 'O', 'O', 'O', 'O', 'O']",True,False
108,"['Ah', 'receptor', 'recognizes', 'the', 'B', 'cell', 'transcription', 'factor', ',', 'BSAP', '(', 'b', ')', 'Grf40', 'binds', 'to', 'linker', 'for', 'activation', 'of', 'T', 'cells', '(', 'LAT', ')', '(', 'c', ')']","['O', 'O', 'O', 'O', 'O', 'O', 'O', 'O', 'O', 'B-short', 'O', 'O', 'O', 'O', 'O', 'O', 'B-long', 'I-long', 'I-long', 'I-long', 'I-long', 'O', 'O', 'B-short', 'O', 'O', 'O', 'O']","['O', 'O', 'O', 'O', 'O', 'O', 'O', 'O', 'O', 'B-short', 'O', 'O', 'O', 'O', 'O', 'O', 'B-long', 'I-long', 'I-long', 'I-long', 'I-long', 'O', 'O', 'B-short', 'O', 'O', 'O', 'O']","['Ah', 'receptor', 'recognizes', 'the', 'B', 'cell', 'transcription', 'factor', 'BSAP', '(', 'b', ')', 'Grf40', 'binds', 'to', 'linker', 'for', 'activation', 'of', 'T', 'cells', '(', 'LAT', ')', '(', 'c', ')']","['O', 'O', 'O', 'O', 'O', 'O', 'O', 'O', 'B-short', 'O', 'O', 'O', 'O', 'O', 'O', 'B-long', 'I-long', 'I-long', 'I-long', 'I-long', 'O', 'O', 'B-short', 'O', 'O', 'O', 'O']","['O', 'O', 'O', 'O', 'O', 'O', 'O', 'O', 'B-short', 'O', 'O', 'O', 'O', 'O', 'O', 'B-long', 'I-long', 'I-long', 'I-long', 'I-long', 'I-long', 'O', 'B-short', 'O', 'O', 'O', 'O']",False,True
130,"['respectively', '.', 'Hacioglu', 'et', 'al', '(', '2004', ')', 'showed', 'that', 'tagging', 'phrase', 'by', 'phrase', '(', 'P-by-P', ')', 'is', 'better', 'than', 'word', 'by', 'word', '(', 'W-by-W', ')', '.']","['O', 'O', 'O', 'O', 'O', 'O', 'O', 'O', 'O', 'O', 'O', 'B-long', 'I-long', 'I-long', 'O', 'B-short', 'O', 'O', 'O', 'O', 'B-long', 'I-long', 'I-long', 'O', 'B-short', 'O', 'O']","['O', 'O', 'O', 'O', 'O', 'O', 'O', 'O', 'O', 'O', 'O', 'B-long', 'I-long', 'I-long', 'O', 'B-short', 'O', 'O', 'O', 'O', 'B-long', 'I-long', 'I-long', 'O', 'B-short', 'O', 'O']","['respectively', 'Hacioglu', 'et', 'al', '(', '2004', ')', 'showed', 'that', 'tagging', 'phrase', 'by', 'phrase', '(', 'P-by-P', ')', 'is', 'better', 'than', 'word', 'by', 'word', '(', 'W-by-W', ')']","['O', 'O', 'O', 'O', 'O', 'O', 'O', 'O', 'O', 'O', 'B-long', 'I-long', 'I-long', 'O', 'B-short', 'O', 'O', 'O', 'O', 'B-long', 'I-long', 'I-long', 'O', 'B-short', 'O']","['O', 'O', 'O', 'O', 'O', 'O', 'O', 'O', 'O', 'B-long', 'I-long', 'I-long', 'I-long', 'O', 'B-short', 'O', 'O', 'O', 'O', 'B-long', 'I-long', 'I-long', 'O', 'B-short', 'O']",False,True
133,"['sponsored', 'by', 'the', 'U.S', '.', 'government', '.', 'ACE', '2004', 'defined', '7', 'major', 'entity', 'types', ':', 'PER', '(', 'Person', ')', ',', 'ORG', '(', 'Organization', ')', ',', 'FAC', '(', 'Facility', ')', ',', 'GPE', '(', 'Geo-Political']","['O', 'O', 'O', 'B-short', 'O', 'O', 'O', 'B-short', 'O', 'O', 'O', 'O', 'O', 'O', 'O', 'B-short', 'O', 'B-long', 'O', 'O', 'B-short', 'O', 'B-long', 'O', 'O', 'B-short', 'O', 'B-long', 'O', 'O', 'B-short', 'O', 'B-long']","['O', 'O', 'O', 'B-short', 'O', 'O', 'O', 'O', 'O', 'O', 'O', 'O', 'O', 'O', 'O', 'B-short', 'O', 'B-long', 'O', 'O', 'B-short', 'O', 'B-long', 'O', 'O', 'B-short', 'O', 'B-long', 'O', 'O', 'B-short', 'O', 'B-long']","['sponsored', 'by', 'the', 'U.S', 'government', 'ACE', '2004', 'defined', '7', 'major', 'entity', 'types', 'PER', '(', 'Person', ')', 'ORG', '(', 'Organization', ')', 'FAC', '(', 'Facility', ')', 'GPE', '(', 'Geo-Political']","['O', 'O', 'O', 'B-short', 'O', 'B-short', 'O', 'O', 'O', 'O', 'O', 'O', 'B-short', 'O', 'B-long', 'O', 'B-short', 'O', 'B-long', 'O', 'B-short', 'O', 'B-long', 'O', 'B-short', 'O', 'B-long']","['O', 'O', 'O', 'B-short', 'O', 'B-short', 'O', 'O', 'O', 'O', 'O', 'O', 'B-short', 'O', 'B-long', 'O', 'B-short', 'O', 'B-long', 'O', 'B-short', 'O', 'B-long', 'O', 'B-short', 'O', 'B-long']",True,False
134,"['Semantic', 'Role', 'Labeling', '(', 'SRL', ')', 'has', 'been', 'used', 'successfully', 'in', 'several', 'stages', 'of', 'automated', 'Question', 'Answering', '(', 'QA', ')', 'systems', 'but', 'its', 'inherent', 'slow', 'procedures', 'make', 'it']","['B-long', 'I-long', 'I-long', 'O', 'B-short', 'O', 'O', 'O', 'O', 'O', 'O', 'O', 'O', 'O', 'O', 'B-long', 'I-long', 'O', 'B-short', 'O', 'O', 'O', 'O', 'O', 'O', 'O', 'O', 'O']","['B-long', 'O', 'O', 'O', 'B-short', 'O', 'O', 'O', 'O', 'O', 'O', 'O', 'O', 'O', 'O', 'B-long', 'I-long', 'O', 'B-short', 'O', 'O', 'O', 'O', 'O', 'O', 'O', 'O', 'O']","['Semantic', 'Role', 'Labeling', '(', 'SRL', ')', 'has', 'been', 'used', 'successfully', 'in', 'several', 'stages', 'of', 'automated', 'Question', 'Answering', '(', 'QA', ')', 'systems', 'but', 'its', 'inherent', 'slow', 'procedures', 'make', 'it']","['B-long', 'I-long', 'I-long', 'O', 'B-short', 'O', 'O', 'O', 'O', 'O', 'O', 'O', 'O', 'O', 'O', 'B-long', 'I-long', 'O', 'B-short', 'O', 'O', 'O', 'O', 'O', 'O', 'O', 'O', 'O']","['B-long', 'I-long', 'I-long', 'O', 'B-short', 'O', 'O', 'O', 'O', 'O', 'O', 'O', 'O', 'O', 'O', 'B-long', 'I-long', 'O', 'B-short', 'O', 'O', 'O', 'O', 'O', 'O', 'O', 'O', 'O']",True,False
141,"['Efficient', 'Algorithms', 'for', 'Parsing', 'the', 'DOP', 'Model', '""', ',', 'Proceedings', 'Empirical', 'Methods', 'in', 'Natural', 'Language', 'Processing', ',', 'Philadelphia', '(', 'PA', ')', ',', 'J', '.', 'Goodman', ',', '1998', '.']","['O', 'O', 'O', 'O', 'O', 'B-short', 'O', 'O', 'O', 'O', 'O', 'O', 'O', 'O', 'O', 'O', 'O', 'B-long', 'O', 'B-short', 'O', 'O', 'O', 'O', 'O', 'O', 'O', 'O']","['O', 'O', 'O', 'O', 'O', 'B-short', 'O', 'O', 'O', 'O', 'O', 'O', 'O', 'O', 'O', 'O', 'O', 'B-long', 'O', 'B-short', 'O', 'O', 'O', 'O', 'O', 'O', 'O', 'O']","['Efficient', 'Algorithms', 'for', 'Parsing', 'the', 'DOP', 'Model', 'Proceedings', 'Empirical', 'Methods', 'in', 'Natural', 'Language', 'Processing', 'Philadelphia', '(', 'PA', ')', 'J', 'Goodman', '1998']","['O', 'O', 'O', 'O', 'O', 'B-short', 'O', 'O', 'O', 'O', 'O', 'O', 'O', 'O', 'B-long', 'O', 'B-short', 'O', 'O', 'O', 'O']","['O', 'O', 'O', 'O', 'O', 'B-short', 'O', 'O', 'B-long', 'I-long', 'O', 'O', 'O', 'O', 'B-long', 'O', 'B-short', 'O', 'O', 'O', 'O']",False,True
192,"['Research', 'Projects', 'Agency', '(', 'DARPA', ')', 'Deep', 'Exploration', 'and', 'Filtering', 'of', 'Text', '(', 'DEFT', ')', 'Program', 'under', 'Air', 'Force', 'Research', 'Laboratory', '(', 'AFRL', ')', 'contract', 'no', '.']","['B-long', 'I-long', 'I-long', 'O', 'B-short', 'O', 'B-long', 'I-long', 'I-long', 'I-long', 'I-long', 'I-long', 'O', 'B-short', 'O', 'O', 'O', 'B-long', 'I-long', 'I-long', 'I-long', 'O', 'B-short', 'O', 'O', 'O', 'O']","['O', 'O', 'O', 'O', 'B-short', 'O', 'B-long', 'I-long', 'O', 'B-long', 'O', 'B-long', 'O', 'B-short', 'O', 'O', 'O', 'B-long', 'I-long', 'I-long', 'I-long', 'O', 'B-short', 'O', 'O', 'O', 'O']","['Research', 'Projects', 'Agency', '(', 'DARPA', ')', 'Deep', 'Exploration', 'and', 'Filtering', 'of', 'Text', '(', 'DEFT', ')', 'Program', 'under', 'Air', 'Force', 'Research', 'Laboratory', '(', 'AFRL', ')', 'contract', 'no']","['B-long', 'I-long', 'I-long', 'O', 'B-short', 'O', 'B-long', 'I-long', 'I-long', 'I-long', 'I-long', 'I-long', 'O', 'B-short', 'O', 'O', 'O', 'B-long', 'I-long', 'I-long', 'I-long', 'O', 'B-short', 'O', 'O', 'O']","['B-long', 'I-long', 'I-long', 'O', 'B-short', 'O', 'B-long', 'I-long', 'I-long', 'I-long', 'I-long', 'I-long', 'O', 'B-short', 'O', 'O', 'O', 'B-long', 'I-long', 'I-long', 'I-long', 'O', 'B-short', 'O', 'O', 'O']",True,False
199,"['In', 'this', 'paper', 'we', 'restrict', 'our', 'attention', 'to', 'the', 'translation', 'from', 'the', 'English-oriented', 'level', '(', 'EL', ')', 'to', 'the', 'domain', 'model', 'level', '(', 'DML', ')', 'since', 'this', 'is', 'where', 'CEs', 'are', 'disambiguated', 'bychoosing', 'unam', '-']","['O', 'O', 'O', 'O', 'O', 'O', 'O', 'O', 'O', 'O', 'O', 'O', 'B-long', 'I-long', 'O', 'B-short', 'O', 'O', 'O', 'B-long', 'I-long', 'I-long', 'O', 'B-short', 'O', 'O', 'O', 'O', 'O', 'B-short', 'O', 'O', 'O', 'O', 'O']","['O', 'O', 'O', 'O', 'O', 'O', 'O', 'O', 'O', 'O', 'O', 'O', 'B-long', 'O', 'O', 'B-short', 'O', 'O', 'O', 'B-long', 'I-long', 'I-long', 'O', 'B-short', 'O', 'O', 'O', 'O', 'O', 'B-short', 'O', 'O', 'O', 'O', 'O']","['In', 'this', 'paper', 'we', 'restrict', 'our', 'attention', 'to', 'the', 'translation', 'from', 'the', 'English-oriented', 'level', '(', 'EL', ')', 'to', 'the', 'domain', 'model', 'level', '(', 'DML', ')', 'since', 'this', 'is', 'where', 'CEs', 'are', 'disambiguated', 'bychoosing', 'unam']","['O', 'O', 'O', 'O', 'O', 'O', 'O', 'O', 'O', 'O', 'O', 'O', 'B-long', 'I-long', 'O', 'B-short', 'O', 'O', 'O', 'B-long', 'I-long', 'I-long', 'O', 'B-short', 'O', 'O', 'O', 'O', 'O', 'B-short', 'O', 'O', 'O', 'O']","['O', 'O', 'O', 'O', 'O', 'O', 'O', 'O', 'O', 'O', 'O', 'O', 'B-long', 'I-long', 'O', 'B-short', 'O', 'O', 'O', 'B-long', 'I-long', 'I-long', 'O', 'B-short', 'O', 'O', 'O', 'O', 'O', 'B-short', 'O', 'O', 'O', 'O']",True,False
216,"['Two', '-', 'liners', 'generated', 'by', 'three', 'different', 'algorithms', 'were', 'evaluated', 'by', 'each', 'subject', ':', 'Script', 'model', '+', 'Concept', 'clustering', '(', 'SM+CC', ')', 'Both', 'script', 'opposition', 'and', 'incongruity', 'are']","['O', 'O', 'O', 'O', 'O', 'O', 'O', 'O', 'O', 'O', 'O', 'O', 'O', 'O', 'B-long', 'I-long', 'I-long', 'I-long', 'I-long', 'O', 'B-short', 'O', 'O', 'O', 'O', 'O', 'O', 'O']","['O', 'O', 'O', 'O', 'O', 'O', 'O', 'O', 'O', 'O', 'O', 'O', 'O', 'O', 'O', 'O', 'O', 'B-long', 'I-long', 'O', 'B-short', 'O', 'O', 'O', 'O', 'O', 'O', 'O']","['Two', 'liners', 'generated', 'by', 'three', 'different', 'algorithms', 'were', 'evaluated', 'by', 'each', 'subject', 'Script', 'model', 'Concept', 'clustering', '(', 'SM+CC', ')', 'Both', 'script', 'opposition', 'and', 'incongruity', 'are']","['O', 'O', 'O', 'O', 'O', 'O', 'O', 'O', 'O', 'O', 'O', 'O', 'B-long', 'I-long', 'I-long', 'I-long', 'O', 'B-short', 'O', 'O', 'O', 'O', 'O', 'O', 'O']","['O', 'O', 'O', 'O', 'O', 'O', 'O', 'O', 'O', 'O', 'O', 'O', 'B-long', 'I-long', 'I-long', 'I-long', 'O', 'B-short', 'O', 'O', 'O', 'O', 'O', 'O', 'O']",True,False
225,"['word', 'sense', 'disambiguation', '.', 'IEEE', 'Transactions', 'on', 'Pattern', 'Analysis', 'and', 'Machine', 'Intelligence', '(', 'PAMI', ')', ',', '27', '(', '7', ')', ':', '1063', '?', '1074', '.']","['O', 'O', 'O', 'O', 'B-short', 'O', 'O', 'B-long', 'I-long', 'I-long', 'I-long', 'I-long', 'O', 'B-short', 'O', 'O', 'O', 'O', 'O', 'O', 'O', 'O', 'O', 'O', 'O']","['O', 'O', 'O', 'O', 'B-short', 'O', 'O', 'B-long', 'I-long', 'I-long', 'I-long', 'I-long', 'O', 'B-short', 'O', 'O', 'O', 'O', 'O', 'O', 'O', 'O', 'O', 'O', 'O']","['word', 'sense', 'disambiguation', 'IEEE', 'Transactions', 'on', 'Pattern', 'Analysis', 'and', 'Machine', 'Intelligence', '(', 'PAMI', ')', '27', '(', '7', ')', '1063', '1074']","['O', 'O', 'O', 'B-short', 'O', 'O', 'B-long', 'I-long', 'I-long', 'I-long', 'I-long', 'O', 'B-short', 'O', 'O', 'O', 'O', 'O', 'O', 'O']","['O', 'O', 'O', 'B-short', 'B-long', 'I-long', 'I-long', 'I-long', 'I-long', 'I-long', 'I-long', 'O', 'B-short', 'O', 'O', 'O', 'O', 'O', 'O', 'O']",False,True
228,"['We', 'experimented', 'with', 'the', 'following', 'four', 'machine', 'learning', 'algorithms', ':', 'Support', 'Vector', 'Machine', '(', 'SVM', ')', ',', 'Multilayer', 'Perceptro', 'n', '(', 'MLP', ')', ',', 'Decision', 'Tree', 's', '(', 'DT', ')', 'and', 'AdaBoost', '(', 'AB', ')', '.']","['O', 'O', 'O', 'O', 'O', 'O', 'O', 'O', 'O', 'O', 'B-long', 'I-long', 'I-long', 'O', 'B-short', 'O', 'O', 'B-long', 'I-long', 'O', 'O', 'B-short', 'O', 'O', 'B-long', 'I-long', 'O', 'O', 'B-short', 'O', 'O', 'B-long', 'O', 'B-short', 'O', 'O']","['O', 'O', 'O', 'O', 'O', 'O', 'O', 'O', 'O', 'O', 'B-long', 'I-long', 'I-long', 'O', 'B-short', 'O', 'O', 'B-long', 'I-long', 'O', 'O', 'B-short', 'O', 'O', 'B-long', 'I-long', 'O', 'O', 'B-short', 'O', 'O', 'B-long', 'O', 'O', 'O', 'O']","['We', 'experimented', 'with', 'the', 'following', 'four', 'machine', 'learning', 'algorithms', 'Support', 'Vector', 'Machine', '(', 'SVM', ')', 'Multilayer', 'Perceptro', 'n', '(', 'MLP', ')', 'Decision', 'Tree', 's', '(', 'DT', ')', 'and', 'AdaBoost', '(', 'AB', ')']","['O', 'O', 'O', 'O', 'O', 'O', 'O', 'O', 'O', 'B-long', 'I-long', 'I-long', 'O', 'B-short', 'O', 'B-long', 'I-long', 'O', 'O', 'B-short', 'O', 'B-long', 'I-long', 'O', 'O', 'B-short', 'O', 'O', 'B-long', 'O', 'B-short', 'O']","['O', 'O', 'O', 'O', 'O', 'O', 'O', 'O', 'O', 'B-long', 'I-long', 'I-long', 'O', 'B-short', 'O', 'B-long', 'I-long', 'O', 'O', 'B-short', 'O', 'B-long', 'I-long', 'O', 'O', 'B-short', 'O', 'O', 'B-long', 'O', 'B-short', 'O']",True,False
229,"['parsed', 'as', 'the', 'specified', 'category', '.', 'The', ""'"", 'target', 'condition', '(', 'TCND', ')', ""'"", 'represents', 'conditions', 'on', 'variables', 'in', 'tile', ""'"", 'target', 'pattern', '.', ""'""]","['O', 'O', 'O', 'O', 'O', 'O', 'O', 'O', 'B-long', 'I-long', 'O', 'B-short', 'O', 'O', 'O', 'O', 'O', 'O', 'O', 'O', 'O', 'O', 'O', 'O', 'O']","['O', 'O', 'O', 'O', 'O', 'O', 'O', 'B-long', 'I-long', 'I-long', 'O', 'B-short', 'O', 'O', 'O', 'O', 'O', 'O', 'O', 'O', 'O', 'O', 'O', 'O', 'O']","['parsed', 'as', 'the', 'specified', 'category', 'The', 'target', 'condition', '(', 'TCND', ')', 'represents', 'conditions', 'on', 'variables', 'in', 'tile', 'target', 'pattern']","['O', 'O', 'O', 'O', 'O', 'O', 'B-long', 'I-long', 'O', 'B-short', 'O', 'O', 'O', 'O', 'O', 'O', 'O', 'O', 'O']","['O', 'O', 'O', 'O', 'O', 'O', 'B-long', 'I-long', 'O', 'B-short', 'O', 'O', 'O', 'O', 'O', 'O', 'O', 'O', 'O']",True,False
244,"['Two', 'additional', 'general', 'features', 'were', 'used', '.', 'The', 'preposition', 'feature', '(', 'PREP', ')', 'captures', 'the', 'most', 'indicative', 'preposition', 'among', 'connected']","['O', 'O', 'O', 'O', 'O', 'O', 'O', 'O', 'B-long', 'O', 'O', 'B-short', 'O', 'O', 'O', 'O', 'O', 'O', 'O', 'O']","['O', 'O', 'O', 'O', 'O', 'O', 'O', 'O', 'B-long', 'O', 'O', 'B-short', 'O', 'O', 'O', 'O', 'O', 'O', 'O', 'O']","['Two', 'additional', 'general', 'features', 'were', 'used', 'The', 'preposition', 'feature', '(', 'PREP', ')', 'captures', 'the', 'most', 'indicative', 'preposition', 'among', 'connected']","['O', 'O', 'O', 'O', 'O', 'O', 'O', 'B-long', 'O', 'O', 'B-short', 'O', 'O', 'O', 'O', 'O', 'O', 'O', 'O']","['O', 'O', 'O', 'O', 'O', 'O', 'O', 'B-long', 'I-long', 'O', 'B-short', 'O', 'O', 'O', 'O', 'O', 'O', 'O', 'O']",False,True
250,"['two', 'aspects', ':', 'how', 'well', 'the', 'generated', 'text', 'reflects', 'the', 'source', 'data', ',', 'whether', 'it', 'be', 'text', 'in', 'another', 'language', 'for', 'machine', 'translation', '(', 'MT', ')', ',', 'a', 'natural', 'language', 'generation', '(', 'NLG', ')', 'input', 'representation', ',', 'a', 'doc', '-']","['O', 'O', 'O', 'O', 'O', 'O', 'O', 'O', 'O', 'O', 'O', 'O', 'O', 'O', 'O', 'O', 'O', 'O', 'O', 'O', 'O', 'B-long', 'I-long', 'O', 'B-short', 'O', 'O', 'O', 'B-long', 'I-long', 'I-long', 'O', 'B-short', 'O', 'O', 'O', 'O', 'O', 'O', 'O']","['O', 'O', 'O', 'O', 'O', 'O', 'O', 'O', 'O', 'O', 'O', 'O', 'O', 'O', 'O', 'O', 'O', 'O', 'O', 'B-long', 'O', 'B-long', 'I-long', 'O', 'B-short', 'O', 'O', 'O', 'B-long', 'I-long', 'I-long', 'O', 'B-short', 'O', 'O', 'O', 'O', 'O', 'O', 'O']","['two', 'aspects', 'how', 'well', 'the', 'generated', 'text', 'reflects', 'the', 'source', 'data', 'whether', 'it', 'be', 'text', 'in', 'another', 'language', 'for', 'machine', 'translation', '(', 'MT', ')', 'a', 'natural', 'language', 'generation', '(', 'NLG', ')', 'input', 'representation', 'a', 'doc']","['O', 'O', 'O', 'O', 'O', 'O', 'O', 'O', 'O', 'O', 'O', 'O', 'O', 'O', 'O', 'O', 'O', 'O', 'O', 'B-long', 'I-long', 'O', 'B-short', 'O', 'O', 'B-long', 'I-long', 'I-long', 'O', 'B-short', 'O', 'O', 'O', 'O', 'O']","['O', 'O', 'O', 'O', 'O', 'O', 'O', 'O', 'O', 'O', 'O', 'O', 'O', 'O', 'O', 'O', 'O', 'O', 'O', 'B-long', 'I-long', 'O', 'B-short', 'O', 'O', 'B-long', 'I-long', 'I-long', 'O', 'B-short', 'O', 'O', 'O', 'O', 'O']",True,False
254,"['Conceptual', 'structures', '(', 'ConcSs', ')', ';', '?', 'Parsed', 'syntactic', 'structures', '(', 'PSyntSs', ')', '.']","['B-long', 'I-long', 'O', 'B-short', 'O', 'O', 'O', 'B-long', 'I-long', 'I-long', 'O', 'B-short', 'O', 'O']","['O', 'O', 'O', 'B-short', 'O', 'O', 'O', 'B-long', 'I-long', 'I-long', 'O', 'B-short', 'O', 'O']","['Conceptual', 'structures', '(', 'ConcSs', ')', 'Parsed', 'syntactic', 'structures', '(', 'PSyntSs', ')']","['B-long', 'I-long', 'O', 'B-short', 'O', 'B-long', 'I-long', 'I-long', 'O', 'B-short', 'O']","['B-long', 'I-long', 'O', 'B-short', 'O', 'B-long', 'I-long', 'I-long', 'O', 'B-short', 'O']",True,False
261,"['consists', 'of', 'following', 'elements', ':', 'Topic', 'Number', '(', 'NUM', ')', ',', 'Topic', 'Title', '(', 'TITLE', ')', ',', 'Topic', 'question', '(', 'DESC', ')', ',', 'Topic', 'Narrativ', 'e', '(', 'NARR', ')', 'and', 'Topic', 'Concepts', '(', 'CONC', ')', '.']","['O', 'O', 'O', 'O', 'O', 'O', 'B-long', 'O', 'B-short', 'O', 'O', 'O', 'B-long', 'O', 'B-short', 'O', 'O', 'O', 'O', 'O', 'B-short', 'O', 'O', 'O', 'B-long', 'O', 'O', 'B-short', 'O', 'O', 'O', 'B-long', 'O', 'B-short', 'O', 'O']","['O', 'O', 'O', 'O', 'O', 'O', 'B-long', 'O', 'B-short', 'O', 'O', 'O', 'B-long', 'O', 'B-short', 'O', 'O', 'B-long', 'I-long', 'O', 'B-short', 'O', 'O', 'B-long', 'I-long', 'O', 'O', 'B-short', 'O', 'O', 'B-long', 'I-long', 'O', 'B-short', 'O', 'O']","['consists', 'of', 'following', 'elements', 'Topic', 'Number', '(', 'NUM', ')', 'Topic', 'Title', '(', 'TITLE', ')', 'Topic', 'question', '(', 'DESC', ')', 'Topic', 'Narrativ', 'e', '(', 'NARR', ')', 'and', 'Topic', 'Concepts', '(', 'CONC', ')']","['O', 'O', 'O', 'O', 'O', 'B-long', 'O', 'B-short', 'O', 'O', 'B-long', 'O', 'B-short', 'O', 'O', 'O', 'O', 'B-short', 'O', 'O', 'B-long', 'O', 'O', 'B-short', 'O', 'O', 'O', 'B-long', 'O', 'B-short', 'O']","['O', 'O', 'O', 'O', 'O', 'B-long', 'O', 'B-short', 'O', 'O', 'B-long', 'O', 'B-short', 'O', 'O', 'O', 'O', 'B-short', 'O', 'O', 'B-long', 'O', 'O', 'B-short', 'O', 'O', 'O', 'B-long', 'O', 'B-short', 'O']",True,False
262,"['MR', '=', 'MN', '/', 'length', '(', '5', ')', '?', 'The', 'Continuous', 'Match', 'Valu', 'e', '(', 'CMV', ')', ':', 'Continuous', 'match', 'should', 'be', 'better', 'than', 'the']","['B-short', 'O', 'B-short', 'O', 'O', 'O', 'O', 'O', 'O', 'O', 'B-long', 'I-long', 'I-long', 'O', 'O', 'B-short', 'O', 'O', 'O', 'O', 'O', 'O', 'O', 'O', 'O']","['B-short', 'O', 'B-short', 'O', 'O', 'O', 'O', 'O', 'O', 'O', 'B-long', 'I-long', 'I-long', 'O', 'O', 'B-short', 'O', 'O', 'O', 'O', 'O', 'O', 'O', 'O', 'O']","['MR', 'MN', 'length', '(', '5', ')', 'The', 'Continuous', 'Match', 'Valu', 'e', '(', 'CMV', ')', 'Continuous', 'match', 'should', 'be', 'better', 'than', 'the']","['B-short', 'B-short', 'O', 'O', 'O', 'O', 'O', 'B-long', 'I-long', 'I-long', 'O', 'O', 'B-short', 'O', 'O', 'O', 'O', 'O', 'O', 'O', 'O']","['B-short', 'I-short', 'O', 'O', 'O', 'O', 'O', 'B-long', 'I-long', 'I-long', 'O', 'O', 'B-short', 'O', 'O', 'O', 'O', 'O', 'O', 'O', 'O']",False,True
264,"['The', 'central', 'components', 'of', 'our', 'non', '-', 'parametric', 'Bayesian', 'models', 'are', 'the', 'Chinese', 'Restaurant', 'Processes', '(', 'CRPs', ')', 'and', 'the', 'closely', 'related', 'Dirichlet', 'Processes', '(', 'DPs', ')', '(', 'Ferguson', ',', '1973', ')', '.']","['O', 'O', 'O', 'O', 'O', 'O', 'O', 'O', 'O', 'O', 'O', 'O', 'B-long', 'I-long', 'I-long', 'O', 'B-short', 'O', 'O', 'O', 'O', 'O', 'B-long', 'I-long', 'O', 'B-short', 'O', 'O', 'O', 'O', 'O', 'O', 'O']","['O', 'O', 'O', 'O', 'O', 'O', 'O', 'O', 'O', 'O', 'O', 'O', 'O', 'B-long', 'I-long', 'O', 'B-short', 'O', 'O', 'O', 'O', 'O', 'B-long', 'I-long', 'O', 'B-short', 'O', 'O', 'O', 'O', 'O', 'O', 'O']","['The', 'central', 'components', 'of', 'our', 'non', 'parametric', 'Bayesian', 'models', 'are', 'the', 'Chinese', 'Restaurant', 'Processes', '(', 'CRPs', ')', 'and', 'the', 'closely', 'related', 'Dirichlet', 'Processes', '(', 'DPs', ')', '(', 'Ferguson', '1973', ')']","['O', 'O', 'O', 'O', 'O', 'O', 'O', 'O', 'O', 'O', 'O', 'B-long', 'I-long', 'I-long', 'O', 'B-short', 'O', 'O', 'O', 'O', 'O', 'B-long', 'I-long', 'O', 'B-short', 'O', 'O', 'O', 'O', 'O']","['O', 'O', 'O', 'O', 'O', 'O', 'O', 'O', 'O', 'O', 'O', 'B-long', 'I-long', 'I-long', 'O', 'B-short', 'O', 'O', 'O', 'O', 'O', 'B-long', 'I-long', 'O', 'B-short', 'O', 'O', 'O', 'O', 'O']",True,False
273,"['For', 'example', ',', 'an', 'infinitival', 'clause', '(', 'INFCL', ')', 'may', 'contain', 'a', 'noun', 'phrase', 'with', 'an', 'embedded', 'relative', 'clause', '(', 'RELCL', ')', '.', 'Elimination']","['O', 'O', 'O', 'O', 'B-long', 'I-long', 'O', 'B-short', 'O', 'O', 'O', 'O', 'O', 'O', 'O', 'O', 'O', 'B-long', 'I-long', 'O', 'B-short', 'O', 'O', 'O']","['O', 'O', 'O', 'O', 'B-long', 'I-long', 'O', 'B-short', 'O', 'O', 'O', 'O', 'O', 'O', 'O', 'O', 'O', 'B-long', 'I-long', 'O', 'B-short', 'O', 'O', 'O']","['For', 'example', 'an', 'infinitival', 'clause', '(', 'INFCL', ')', 'may', 'contain', 'a', 'noun', 'phrase', 'with', 'an', 'embedded', 'relative', 'clause', '(', 'RELCL', ')', 'Elimination']","['O', 'O', 'O', 'B-long', 'I-long', 'O', 'B-short', 'O', 'O', 'O', 'O', 'O', 'O', 'O', 'O', 'O', 'B-long', 'I-long', 'O', 'B-short', 'O', 'O']","['O', 'O', 'O', 'B-long', 'I-long', 'O', 'B-short', 'O', 'O', 'O', 'O', 'O', 'O', 'O', 'O', 'O', 'B-long', 'O', 'O', 'B-short', 'O', 'O']",False,True
287,"['making', 'valuable', 'data', 'resources', 'publicly', 'available', '.', 'The', 'author', 'is', 'a', 'member', 'of', 'the', 'Institute', 'for', 'Robotics', 'and', 'Intelligent', 'Systems', '(', 'IRIS', ')', 'and', 'wishes', 'to', 'acknowledge', 'the', 'support', 'of', 'the', 'Networks', 'of', 'Centres', 'of', 'Excellenc', 'e', 'Program', 'of', 'the', 'Government', 'of', 'Canada', ',', 'the', 'Natural', 'Sciences', 'and', 'Engineering', 'Research', 'Council', '(', 'NSERC', ')', ',']","['O', 'O', 'O', 'O', 'O', 'O', 'O', 'O', 'O', 'O', 'O', 'O', 'O', 'O', 'B-long', 'I-long', 'I-long', 'I-long', 'I-long', 'I-long', 'O', 'B-short', 'O', 'O', 'O', 'O', 'O', 'O', 'O', 'O', 'O', 'O', 'O', 'O', 'O', 'O', 'O', 'O', 'O', 'O', 'O', 'O', 'O', 'O', 'O', 'B-long', 'I-long', 'I-long', 'I-long', 'I-long', 'I-long', 'O', 'B-short', 'O', 'O']","['O', 'O', 'O', 'O', 'O', 'O', 'O', 'O', 'O', 'O', 'O', 'O', 'O', 'O', 'B-long', 'I-long', 'I-long', 'I-long', 'I-long', 'I-long', 'O', 'B-short', 'O', 'O', 'O', 'O', 'O', 'O', 'O', 'O', 'O', 'O', 'O', 'O', 'O', 'O', 'O', 'O', 'O', 'O', 'O', 'O', 'O', 'O', 'O', 'B-long', 'I-long', 'I-long', 'I-long', 'I-long', 'I-long', 'O', 'B-short', 'O', 'O']","['making', 'valuable', 'data', 'resources', 'publicly', 'available', 'The', 'author', 'is', 'a', 'member', 'of', 'the', 'Institute', 'for', 'Robotics', 'and', 'Intelligent', 'Systems', '(', 'IRIS', ')', 'and', 'wishes', 'to', 'acknowledge', 'the', 'support', 'of', 'the', 'Networks', 'of', 'Centres', 'of', 'Excellenc', 'e', 'Program', 'of', 'the', 'Government', 'of', 'Canada', 'the', 'Natural', 'Sciences', 'and', 'Engineering', 'Research', 'Council', '(', 'NSERC', ')']","['O', 'O', 'O', 'O', 'O', 'O', 'O', 'O', 'O', 'O', 'O', 'O', 'O', 'B-long', 'I-long', 'I-long', 'I-long', 'I-long', 'I-long', 'O', 'B-short', 'O', 'O', 'O', 'O', 'O', 'O', 'O', 'O', 'O', 'O', 'O', 'O', 'O', 'O', 'O', 'O', 'O', 'O', 'O', 'O', 'O', 'O', 'B-long', 'I-long', 'I-long', 'I-long', 'I-long', 'I-long', 'O', 'B-short', 'O']","['O', 'O', 'O', 'O', 'O', 'O', 'O', 'O', 'O', 'O', 'O', 'O', 'O', 'B-long', 'I-long', 'I-long', 'I-long', 'I-long', 'I-long', 'O', 'B-short', 'O', 'O', 'O', 'O', 'O', 'O', 'O', 'O', 'O', 'O', 'O', 'B-long', 'O', 'O', 'O', 'O', 'O', 'O', 'O', 'O', 'O', 'O', 'B-long', 'I-long', 'I-long', 'I-long', 'I-long', 'I-long', 'O', 'B-short', 'O']",False,True
288,"['NP', 're', '-', 'annotation', 'very', 'helpful', 'for', 'the', 'performance', '.', 'We', 'think', 'it', 'is', 'because', 'of', 'the', 'annotation', 'style', 'of', 'the', 'Upenn', 'Chinese', 'Treebank', '(', 'CTB', ')', '.', 'According', 'to', 'Xue', 'et', 'al']","['B-short', 'O', 'O', 'O', 'O', 'O', 'O', 'O', 'O', 'O', 'O', 'O', 'O', 'O', 'O', 'O', 'O', 'O', 'O', 'O', 'O', 'O', 'B-long', 'I-long', 'O', 'B-short', 'O', 'O', 'O', 'O', 'O', 'O', 'O']","['B-short', 'O', 'O', 'O', 'O', 'O', 'O', 'O', 'O', 'O', 'O', 'O', 'O', 'O', 'O', 'O', 'O', 'O', 'O', 'O', 'O', 'B-long', 'I-long', 'I-long', 'O', 'B-short', 'O', 'O', 'O', 'O', 'O', 'O', 'O']","['NP', 're', 'annotation', 'very', 'helpful', 'for', 'the', 'performance', 'We', 'think', 'it', 'is', 'because', 'of', 'the', 'annotation', 'style', 'of', 'the', 'Upenn', 'Chinese', 'Treebank', '(', 'CTB', ')', 'According', 'to', 'Xue', 'et', 'al']","['B-short', 'O', 'O', 'O', 'O', 'O', 'O', 'O', 'O', 'O', 'O', 'O', 'O', 'O', 'O', 'O', 'O', 'O', 'O', 'O', 'B-long', 'I-long', 'O', 'B-short', 'O', 'O', 'O', 'O', 'O', 'O']","['B-short', 'O', 'O', 'O', 'O', 'O', 'O', 'O', 'O', 'O', 'O', 'O', 'O', 'O', 'O', 'O', 'O', 'O', 'O', 'O', 'B-long', 'I-long', 'O', 'B-short', 'O', 'O', 'O', 'O', 'O', 'O']",True,False
296,"['Figure', '1', 'Examples', 'of', 'contextual', 'phenomena', ',', 'ellipsis', 'depends', 'on', 'the', 'context', 'and', 'means', ""'"", 'credit', 'card', ""'"", ';', 'it', 'is', 'both', 'a', 'focus', 'and', 'an', 'object', '(', 'OBJ', ')', '.']","['O', 'O', 'O', 'O', 'O', 'O', 'O', 'O', 'O', 'O', 'O', 'O', 'O', 'O', 'O', 'O', 'O', 'O', 'O', 'O', 'O', 'O', 'O', 'O', 'O', 'O', 'B-long', 'O', 'B-short', 'O', 'O']","['O', 'O', 'O', 'O', 'O', 'O', 'O', 'O', 'O', 'O', 'O', 'O', 'O', 'O', 'O', 'O', 'O', 'O', 'O', 'O', 'O', 'O', 'O', 'O', 'O', 'O', 'B-long', 'O', 'B-short', 'O', 'O']","['Figure', '1', 'Examples', 'of', 'contextual', 'phenomena', 'ellipsis', 'depends', 'on', 'the', 'context', 'and', 'means', 'credit', 'card', 'it', 'is', 'both', 'a', 'focus', 'and', 'an', 'object', '(', 'OBJ', ')']","['O', 'O', 'O', 'O', 'O', 'O', 'O', 'O', 'O', 'O', 'O', 'O', 'O', 'O', 'O', 'O', 'O', 'O', 'O', 'O', 'O', 'O', 'B-long', 'O', 'B-short', 'O']","['O', 'O', 'O', 'O', 'O', 'O', 'O', 'O', 'O', 'O', 'O', 'O', 'O', 'O', 'O', 'O', 'O', 'O', 'O', 'B-long', 'I-long', 'I-long', 'I-long', 'O', 'B-short', 'O']",False,True
303,"['syntactic', 'tree', 'fragments', '(', 'STFs', ')', 'and', 'partial', 'tree', 'fragments', '(', 'PTFs', ')', '2', '.', '2', '.', '1', 'Syntactic', 'Tree', 'Kernels', '(', 'STK', ')', 'An', 'STF', 'is', 'a', 'connected', 'subset', 'of', 'the', 'nodes', 'and']","['B-long', 'I-long', 'I-long', 'O', 'B-short', 'O', 'O', 'B-long', 'I-long', 'I-long', 'O', 'B-short', 'O', 'O', 'O', 'O', 'O', 'O', 'B-long', 'I-long', 'I-long', 'O', 'B-short', 'O', 'O', 'B-short', 'O', 'O', 'O', 'O', 'O', 'O', 'O', 'O']","['B-long', 'I-long', 'I-long', 'O', 'B-short', 'O', 'O', 'B-long', 'I-long', 'I-long', 'O', 'B-short', 'O', 'O', 'O', 'O', 'O', 'O', 'O', 'B-long', 'I-long', 'O', 'B-short', 'O', 'O', 'B-short', 'O', 'O', 'O', 'O', 'O', 'O', 'O', 'O']","['syntactic', 'tree', 'fragments', '(', 'STFs', ')', 'and', 'partial', 'tree', 'fragments', '(', 'PTFs', ')', '2', '2', '1', 'Syntactic', 'Tree', 'Kernels', '(', 'STK', ')', 'An', 'STF', 'is', 'a', 'connected', 'subset', 'of', 'the', 'nodes', 'and']","['B-long', 'I-long', 'I-long', 'O', 'B-short', 'O', 'O', 'B-long', 'I-long', 'I-long', 'O', 'B-short', 'O', 'O', 'O', 'O', 'B-long', 'I-long', 'I-long', 'O', 'B-short', 'O', 'O', 'B-short', 'O', 'O', 'O', 'O', 'O', 'O', 'O', 'O']","['B-long', 'I-long', 'I-long', 'O', 'B-short', 'O', 'O', 'B-long', 'I-long', 'I-long', 'O', 'B-short', 'O', 'O', 'O', 'O', 'B-long', 'I-long', 'I-long', 'O', 'B-short', 'O', 'O', 'B-short', 'O', 'O', 'O', 'O', 'O', 'O', 'O', 'O']",True,False
322,"['Center', 'who', 'will', 'send', 'the', 'artillery', 'fire', 'when', 'given', 'the', 'appropriate', 'information', '.', 'In', 'line', '1', ',', 'G19', '?', 's', 'utterance', 'is', 'interpreted', 'as', 'a', 'Warning', 'Order', '-', 'Method', 'of', 'Fire', '(', 'WO-MOF', ')', ',', 'describing', 'the', 'kind', 'of', 'artillery', 'fire', 'requested', ',', 'whose', 'value', 'is', '?']","['O', 'O', 'O', 'O', 'O', 'O', 'O', 'O', 'O', 'O', 'O', 'O', 'O', 'O', 'O', 'O', 'O', 'O', 'O', 'O', 'O', 'O', 'O', 'O', 'O', 'B-long', 'I-long', 'I-long', 'I-long', 'I-long', 'I-long', 'O', 'B-short', 'O', 'O', 'O', 'O', 'O', 'O', 'O', 'O', 'O', 'O', 'O', 'O', 'O', 'O']","['O', 'O', 'O', 'O', 'O', 'O', 'O', 'O', 'O', 'O', 'O', 'O', 'O', 'O', 'O', 'O', 'O', 'O', 'O', 'O', 'O', 'O', 'O', 'O', 'O', 'B-long', 'I-long', 'O', 'B-long', 'I-long', 'I-long', 'O', 'B-short', 'O', 'O', 'O', 'O', 'O', 'O', 'O', 'O', 'O', 'O', 'O', 'O', 'O', 'O']","['Center', 'who', 'will', 'send', 'the', 'artillery', 'fire', 'when', 'given', 'the', 'appropriate', 'information', 'In', 'line', '1', 'G19', 's', 'utterance', 'is', 'interpreted', 'as', 'a', 'Warning', 'Order', 'Method', 'of', 'Fire', '(', 'WO-MOF', ')', 'describing', 'the', 'kind', 'of', 'artillery', 'fire', 'requested', 'whose', 'value', 'is']","['O', 'O', 'O', 'O', 'O', 'O', 'O', 'O', 'O', 'O', 'O', 'O', 'O', 'O', 'O', 'O', 'O', 'O', 'O', 'O', 'O', 'O', 'B-long', 'I-long', 'I-long', 'I-long', 'I-long', 'O', 'B-short', 'O', 'O', 'O', 'O', 'O', 'O', 'O', 'O', 'O', 'O', 'O']","['O', 'O', 'O', 'O', 'O', 'O', 'O', 'O', 'O', 'O', 'O', 'O', 'O', 'O', 'O', 'O', 'O', 'O', 'O', 'O', 'O', 'O', 'B-long', 'I-long', 'I-long', 'I-long', 'I-long', 'O', 'B-short', 'O', 'O', 'O', 'O', 'O', 'O', 'O', 'O', 'O', 'O', 'O']",True,False
336,"['both', 'tasks', 'together', 'would', 'be', 'desirable', '.', 'In', 'this', 'section', ',', 'we', 'propose', 'the', 'use', 'of', 'factorial', 'CRF', '(', 'F-CRF', ')', '(', 'Sutton', 'et', 'al', ',', '2007', ')', ',', 'which', 'has', 'previously', 'been']","['O', 'O', 'O', 'O', 'O', 'O', 'O', 'O', 'O', 'O', 'O', 'O', 'O', 'O', 'O', 'O', 'B-long', 'I-long', 'O', 'B-short', 'O', 'O', 'O', 'O', 'O', 'O', 'O', 'O', 'O', 'O', 'O', 'O', 'O']","['O', 'O', 'O', 'O', 'O', 'O', 'O', 'O', 'O', 'O', 'O', 'O', 'O', 'O', 'O', 'O', 'B-long', 'I-long', 'O', 'O', 'O', 'O', 'O', 'O', 'O', 'O', 'O', 'O', 'O', 'O', 'O', 'O', 'O']","['both', 'tasks', 'together', 'would', 'be', 'desirable', 'In', 'this', 'section', 'we', 'propose', 'the', 'use', 'of', 'factorial', 'CRF', '(', 'F-CRF', ')', '(', 'Sutton', 'et', 'al', '2007', ')', 'which', 'has', 'previously', 'been']","['O', 'O', 'O', 'O', 'O', 'O', 'O', 'O', 'O', 'O', 'O', 'O', 'O', 'O', 'B-long', 'I-long', 'O', 'B-short', 'O', 'O', 'O', 'O', 'O', 'O', 'O', 'O', 'O', 'O', 'O']","['O', 'O', 'O', 'O', 'O', 'O', 'O', 'O', 'O', 'O', 'O', 'O', 'O', 'O', 'B-long', 'I-long', 'O', 'B-short', 'O', 'O', 'O', 'O', 'O', 'O', 'O', 'O', 'O', 'O', 'O']",True,False
371,"['provide', 'an', 'exhaustive', 'list', 'of', 'connectives', 'in', 'the', '4', 'S', '=', 'Subject', ';', 'IO', '=', 'Indirect', 'Object', ';', 'DO', '=', 'Direct', 'Object', ';', 'V', '=', 'Verb', ';', 'ERG', '=', 'Ergative', ';', 'DAT', '=', 'Dative']","['O', 'O', 'O', 'O', 'O', 'O', 'O', 'O', 'O', 'O', 'O', 'B-long', 'O', 'B-short', 'O', 'B-long', 'I-long', 'O', 'B-short', 'O', 'B-long', 'I-long', 'O', 'O', 'O', 'B-long', 'O', 'B-short', 'O', 'B-long', 'O', 'B-short', 'O', 'B-long']","['O', 'O', 'O', 'O', 'O', 'O', 'O', 'O', 'O', 'O', 'O', 'B-long', 'O', 'B-short', 'O', 'B-long', 'I-long', 'O', 'B-short', 'O', 'B-long', 'I-long', 'O', 'O', 'O', 'B-long', 'O', 'B-short', 'O', 'B-long', 'O', 'B-short', 'O', 'B-long']","['provide', 'an', 'exhaustive', 'list', 'of', 'connectives', 'in', 'the', '4', 'S', 'Subject', 'IO', 'Indirect', 'Object', 'DO', 'Direct', 'Object', 'V', 'Verb', 'ERG', 'Ergative', 'DAT', 'Dative']","['O', 'O', 'O', 'O', 'O', 'O', 'O', 'O', 'O', 'O', 'B-long', 'B-short', 'B-long', 'I-long', 'B-short', 'B-long', 'I-long', 'O', 'B-long', 'B-short', 'B-long', 'B-short', 'B-long']","['O', 'O', 'O', 'O', 'O', 'O', 'O', 'O', 'O', 'O', 'O', 'B-short', 'B-long', 'I-long', 'B-short', 'B-long', 'I-long', 'O', 'B-long', 'B-short', 'B-long', 'B-short', 'B-long']",False,True
380,"['?', 'Abbreviation', 'features', '(', 'ABB', ')', ':', 'For', 'every', 'term', 'in', 'the', 'noslang', 'dictionary', ',', 'we', 'checked', 'whether']","['O', 'B-long', 'O', 'O', 'B-short', 'O', 'O', 'O', 'O', 'O', 'O', 'O', 'O', 'O', 'O', 'O', 'O', 'O']","['O', 'B-long', 'I-long', 'O', 'B-short', 'O', 'O', 'O', 'O', 'O', 'O', 'O', 'O', 'O', 'O', 'O', 'O', 'O']","['Abbreviation', 'features', '(', 'ABB', ')', 'For', 'every', 'term', 'in', 'the', 'noslang', 'dictionary', 'we', 'checked', 'whether']","['B-long', 'O', 'O', 'B-short', 'O', 'O', 'O', 'O', 'O', 'O', 'O', 'O', 'O', 'O', 'O']","['B-long', 'O', 'O', 'B-short', 'O', 'O', 'O', 'O', 'O', 'O', 'O', 'O', 'O', 'O', 'O']",True,False
382,"['The', 'two', 'subgraphs', 'are', 'a', 'parse', 'structure', 'subgraph', '(', 'PSS', ')', 'and', 'a', 'linear', 'order', 'subgraph', '(', 'LOS', ')', '.']","['O', 'O', 'O', 'O', 'O', 'B-long', 'I-long', 'I-long', 'O', 'B-short', 'O', 'O', 'O', 'B-long', 'I-long', 'I-long', 'O', 'B-short', 'O', 'O']","['O', 'O', 'O', 'O', 'O', 'B-long', 'I-long', 'I-long', 'O', 'B-short', 'O', 'O', 'O', 'B-long', 'I-long', 'I-long', 'O', 'B-short', 'O', 'O']","['The', 'two', 'subgraphs', 'are', 'a', 'parse', 'structure', 'subgraph', '(', 'PSS', ')', 'and', 'a', 'linear', 'order', 'subgraph', '(', 'LOS', ')']","['O', 'O', 'O', 'O', 'O', 'B-long', 'I-long', 'I-long', 'O', 'B-short', 'O', 'O', 'O', 'B-long', 'I-long', 'I-long', 'O', 'B-short', 'O']","['O', 'O', 'O', 'O', 'O', 'B-long', 'I-long', 'I-long', 'O', 'B-short', 'O', 'O', 'O', 'O', 'O', 'O', 'O', 'B-short', 'O']",False,True
390,"['F', '=', 'F-Measure', 'with', 'Recall', 'and', 'Precision', 'Weighted', 'Equally', 'J', '=', 'Japanese', 'S', '=', 'Spanish', 'ME', '=', 'Microelectronics', 'Mul', 't', 'i', 'l', 'ingua', 'l']","['O', 'O', 'B-long', 'O', 'O', 'O', 'O', 'O', 'O', 'O', 'O', 'B-long', 'O', 'O', 'B-long', 'B-short', 'O', 'B-long', 'O', 'O', 'O', 'O', 'O', 'O']","['O', 'O', 'B-long', 'O', 'O', 'O', 'O', 'O', 'O', 'O', 'O', 'B-long', 'O', 'O', 'B-long', 'B-short', 'O', 'B-long', 'O', 'O', 'O', 'O', 'O', 'O']","['F', 'F-Measure', 'with', 'Recall', 'and', 'Precision', 'Weighted', 'Equally', 'J', 'Japanese', 'S', 'Spanish', 'ME', 'Microelectronics', 'Mul', 't', 'i', 'l', 'ingua', 'l']","['O', 'B-long', 'O', 'O', 'O', 'O', 'O', 'O', 'O', 'B-long', 'O', 'B-long', 'B-short', 'B-long', 'O', 'O', 'O', 'O', 'O', 'O']","['B-short', 'I-short', 'O', 'O', 'O', 'O', 'O', 'O', 'O', 'B-long', 'O', 'B-long', 'B-short', 'B-long', 'O', 'O', 'O', 'O', 'O', 'O']",False,True
393,"['the', 'use', 'of', 'lexical', 'cohesion', 'devices', 'in', 'each', 'version', 'of', 'MT', 'and', 'HT', 'in', 'terms', 'of', 'the', 'following', 'two', 'ratios', ',', 'LC', '=', 'lexical', 'cohesion', 'devices', '/', 'content', 'words', ',', 'RC', '=', 'repetition', '/', 'content', 'words', '.']","['O', 'O', 'O', 'O', 'O', 'O', 'O', 'O', 'O', 'O', 'B-short', 'O', 'B-short', 'O', 'O', 'O', 'O', 'O', 'O', 'O', 'O', 'B-short', 'O', 'B-long', 'I-long', 'O', 'O', 'O', 'O', 'O', 'B-short', 'O', 'B-long', 'I-long', 'I-long', 'O', 'O']","['O', 'O', 'O', 'O', 'O', 'O', 'O', 'O', 'O', 'O', 'B-short', 'O', 'B-short', 'O', 'O', 'O', 'O', 'O', 'O', 'O', 'O', 'B-short', 'O', 'B-long', 'I-long', 'O', 'O', 'O', 'O', 'O', 'B-short', 'O', 'B-long', 'I-long', 'I-long', 'I-long', 'O']","['the', 'use', 'of', 'lexical', 'cohesion', 'devices', 'in', 'each', 'version', 'of', 'MT', 'and', 'HT', 'in', 'terms', 'of', 'the', 'following', 'two', 'ratios', 'LC', 'lexical', 'cohesion', 'devices', 'content', 'words', 'RC', 'repetition', 'content', 'words']","['O', 'O', 'O', 'O', 'O', 'O', 'O', 'O', 'O', 'O', 'B-short', 'O', 'B-short', 'O', 'O', 'O', 'O', 'O', 'O', 'O', 'B-short', 'B-long', 'I-long', 'O', 'O', 'O', 'B-short', 'B-long', 'I-long', 'O']","['O', 'O', 'O', 'O', 'O', 'O', 'O', 'O', 'O', 'O', 'B-short', 'O', 'B-short', 'O', 'O', 'O', 'O', 'O', 'O', 'O', 'B-short', 'B-long', 'I-long', 'O', 'O', 'O', 'B-short', 'B-long', 'I-long', 'O']",True,False
395,"['pus', '(', 'EBC', ')', '(', 'Christodouloupoulos', 'and', 'Steedman', ',', '2014', ')', ',', 'and', 'our', 'own', 'collection', 'of', 'online', 'texts', 'published', 'by', 'the', 'Wathctower', 'Society', '(', 'WTC', ')', '.']","['O', 'O', 'B-short', 'O', 'O', 'O', 'O', 'O', 'O', 'O', 'O', 'O', 'O', 'O', 'O', 'O', 'O', 'O', 'O', 'O', 'O', 'O', 'B-long', 'I-long', 'O', 'B-short', 'O', 'O']","['O', 'O', 'B-short', 'O', 'O', 'O', 'O', 'O', 'O', 'O', 'O', 'O', 'O', 'O', 'O', 'O', 'O', 'O', 'O', 'O', 'O', 'O', 'B-long', 'I-long', 'O', 'B-short', 'O', 'O']","['pus', '(', 'EBC', ')', '(', 'Christodouloupoulos', 'and', 'Steedman', '2014', ')', 'and', 'our', 'own', 'collection', 'of', 'online', 'texts', 'published', 'by', 'the', 'Wathctower', 'Society', '(', 'WTC', ')']","['O', 'O', 'B-short', 'O', 'O', 'O', 'O', 'O', 'O', 'O', 'O', 'O', 'O', 'O', 'O', 'O', 'O', 'O', 'O', 'O', 'B-long', 'I-long', 'O', 'B-short', 'O']","['O', 'O', 'O', 'O', 'O', 'O', 'O', 'O', 'O', 'O', 'O', 'O', 'O', 'O', 'O', 'O', 'O', 'O', 'O', 'O', 'B-long', 'I-long', 'O', 'B-short', 'O']",False,True
411,"['man', 'evaluators', '5', '.', '2', 'Mean', 'Absolute', 'Difference', 'Analysis', 'Here', 'we', 'calculated', 'the', 'mean', 'absolute', 'difference', '(', 'MAD', ')', 'between', 'a', 'human', 'rater', '?', 's', 'evaluation', 'and', 'SELSA', '(', 'LSA', ')']","['O', 'O', 'O', 'O', 'O', 'O', 'O', 'O', 'O', 'O', 'O', 'O', 'O', 'B-long', 'I-long', 'I-long', 'O', 'B-short', 'O', 'O', 'O', 'O', 'O', 'O', 'O', 'O', 'O', 'B-short', 'O', 'B-short', 'O']","['O', 'O', 'O', 'O', 'O', 'O', 'O', 'O', 'O', 'O', 'O', 'O', 'O', 'O', 'B-long', 'I-long', 'O', 'B-short', 'O', 'O', 'O', 'O', 'O', 'O', 'O', 'O', 'O', 'B-short', 'O', 'B-short', 'O']","['man', 'evaluators', '5', '2', 'Mean', 'Absolute', 'Difference', 'Analysis', 'Here', 'we', 'calculated', 'the', 'mean', 'absolute', 'difference', '(', 'MAD', ')', 'between', 'a', 'human', 'rater', 's', 'evaluation', 'and', 'SELSA', '(', 'LSA', ')']","['O', 'O', 'O', 'O', 'O', 'O', 'O', 'O', 'O', 'O', 'O', 'O', 'B-long', 'I-long', 'I-long', 'O', 'B-short', 'O', 'O', 'O', 'O', 'O', 'O', 'O', 'O', 'B-short', 'O', 'B-short', 'O']","['O', 'O', 'O', 'O', 'O', 'O', 'O', 'O', 'O', 'O', 'O', 'O', 'B-long', 'I-long', 'I-long', 'O', 'B-short', 'O', 'O', 'O', 'O', 'O', 'O', 'O', 'O', 'B-short', 'O', 'B-short', 'O']",True,False
422,"['2', 'Classification', 'Algorithms', '2', '.', '1', 'Conditional', 'Random', 'Fields', 'Conditional', 'random', 'field', '(', 'CRF', ')', 'was', 'an', 'extension', 'of', 'both', 'Maximum', 'Entropy', 'Model', '(', 'MEMs', ')', 'and']","['O', 'O', 'O', 'O', 'O', 'O', 'O', 'O', 'O', 'B-long', 'I-long', 'I-long', 'O', 'B-short', 'O', 'O', 'O', 'O', 'O', 'O', 'B-long', 'I-long', 'I-long', 'O', 'B-short', 'O', 'O']","['O', 'O', 'O', 'O', 'O', 'O', 'O', 'O', 'O', 'B-long', 'I-long', 'I-long', 'O', 'B-short', 'O', 'O', 'O', 'O', 'O', 'O', 'B-long', 'I-long', 'I-long', 'O', 'B-short', 'O', 'O']","['2', 'Classification', 'Algorithms', '2', '1', 'Conditional', 'Random', 'Fields', 'Conditional', 'random', 'field', '(', 'CRF', ')', 'was', 'an', 'extension', 'of', 'both', 'Maximum', 'Entropy', 'Model', '(', 'MEMs', ')', 'and']","['O', 'O', 'O', 'O', 'O', 'O', 'O', 'O', 'B-long', 'I-long', 'I-long', 'O', 'B-short', 'O', 'O', 'O', 'O', 'O', 'O', 'B-long', 'I-long', 'I-long', 'O', 'B-short', 'O', 'O']","['O', 'O', 'O', 'O', 'O', 'O', 'O', 'O', 'B-long', 'I-long', 'I-long', 'O', 'B-short', 'O', 'O', 'O', 'O', 'O', 'O', 'B-long', 'I-long', 'O', 'O', 'B-short', 'O', 'O']",False,True
424,"['LM', '.', 'This', 'approach', 'has', 'been', 'successfully', 'applied', 'in', 'automatic', 'speech', 'recognition', '(', 'ASR', ')', '(', 'Tam', 'and', 'Schultz', ',', '2006', ')', 'using', 'the', 'Latent', 'Dirichlet', 'Alloca', '-']","['B-short', 'O', 'O', 'O', 'O', 'O', 'O', 'O', 'O', 'B-long', 'I-long', 'I-long', 'O', 'B-short', 'O', 'O', 'O', 'O', 'O', 'O', 'O', 'O', 'O', 'O', 'O', 'O', 'O', 'O']","['B-short', 'O', 'O', 'O', 'O', 'O', 'O', 'O', 'O', 'B-long', 'I-long', 'I-long', 'O', 'B-short', 'O', 'O', 'O', 'O', 'O', 'O', 'O', 'O', 'O', 'O', 'O', 'O', 'O', 'O']","['LM', 'This', 'approach', 'has', 'been', 'successfully', 'applied', 'in', 'automatic', 'speech', 'recognition', '(', 'ASR', ')', '(', 'Tam', 'and', 'Schultz', '2006', ')', 'using', 'the', 'Latent', 'Dirichlet', 'Alloca']","['B-short', 'O', 'O', 'O', 'O', 'O', 'O', 'O', 'B-long', 'I-long', 'I-long', 'O', 'B-short', 'O', 'O', 'O', 'O', 'O', 'O', 'O', 'O', 'O', 'O', 'O', 'O']","['O', 'O', 'O', 'O', 'O', 'O', 'O', 'O', 'B-long', 'I-long', 'I-long', 'O', 'B-short', 'O', 'O', 'O', 'O', 'O', 'O', 'O', 'O', 'O', 'O', 'O', 'O']",False,True
428,"['scheme', 'category', 'in', 'the', 'corpus', ':', 'Result', 's', '(', 'RES', ')', 'is', 'by', 'far', 'the', 'most', 'frequent', 'zone', '(', 'accounting', 'for', '40', '%', 'of', 'the', 'corpus', ')', ',', 'while', 'Background', '(', 'BKG', ')', ',', 'Objective', '(', 'OBJ', ')', ',', 'Method', '(', 'METH', ')', 'and', 'Conclusion', '(', 'CON', ')', 'cover']","['O', 'O', 'O', 'O', 'O', 'O', 'B-long', 'O', 'O', 'B-short', 'O', 'O', 'O', 'O', 'O', 'O', 'O', 'O', 'O', 'O', 'O', 'O', 'O', 'O', 'O', 'O', 'O', 'O', 'O', 'B-long', 'O', 'B-short', 'O', 'O', 'B-long', 'O', 'B-short', 'O', 'O', 'B-long', 'O', 'B-short', 'O', 'O', 'B-long', 'O', 'B-short', 'O', 'O']","['O', 'O', 'O', 'O', 'O', 'O', 'B-long', 'O', 'O', 'B-short', 'O', 'O', 'O', 'O', 'O', 'O', 'O', 'O', 'O', 'O', 'O', 'O', 'O', 'O', 'O', 'O', 'O', 'O', 'O', 'B-long', 'O', 'B-short', 'O', 'O', 'B-long', 'O', 'B-short', 'O', 'O', 'B-long', 'O', 'B-short', 'O', 'O', 'B-long', 'O', 'B-short', 'O', 'O']","['scheme', 'category', 'in', 'the', 'corpus', 'Result', 's', '(', 'RES', ')', 'is', 'by', 'far', 'the', 'most', 'frequent', 'zone', '(', 'accounting', 'for', '40', 'of', 'the', 'corpus', ')', 'while', 'Background', '(', 'BKG', ')', 'Objective', '(', 'OBJ', ')', 'Method', '(', 'METH', ')', 'and', 'Conclusion', '(', 'CON', ')', 'cover']","['O', 'O', 'O', 'O', 'O', 'B-long', 'O', 'O', 'B-short', 'O', 'O', 'O', 'O', 'O', 'O', 'O', 'O', 'O', 'O', 'O', 'O', 'O', 'O', 'O', 'O', 'O', 'B-long', 'O', 'B-short', 'O', 'B-long', 'O', 'B-short', 'O', 'B-long', 'O', 'B-short', 'O', 'O', 'B-long', 'O', 'B-short', 'O', 'O']","['O', 'O', 'O', 'O', 'O', 'B-long', 'O', 'O', 'B-short', 'O', 'O', 'O', 'O', 'O', 'O', 'O', 'O', 'O', 'O', 'O', 'O', 'O', 'O', 'O', 'O', 'O', 'B-long', 'O', 'B-short', 'O', 'B-long', 'O', 'B-short', 'O', 'O', 'O', 'B-short', 'O', 'O', 'B-long', 'O', 'B-short', 'O', 'O']",False,True
486,"['shared', 'task', ',', 'namely', 'FLORIAN', '(', 'Florian', 'et', 'al', '.', ',', '2003', ')', 'and', 'CHIEU-NG', '(', 'Chieu', 'and', 'Ng', ',', '2003', ')', '.']","['O', 'O', 'O', 'O', 'B-short', 'O', 'B-long', 'O', 'O', 'O', 'O', 'O', 'O', 'O', 'B-short', 'O', 'B-long', 'I-long', 'I-long', 'O', 'O', 'O', 'O']","['O', 'O', 'O', 'O', 'B-short', 'O', 'B-long', 'O', 'O', 'O', 'O', 'O', 'O', 'O', 'B-short', 'O', 'B-long', 'I-long', 'I-long', 'O', 'O', 'O', 'O']","['shared', 'task', 'namely', 'FLORIAN', '(', 'Florian', 'et', 'al', '2003', ')', 'and', 'CHIEU-NG', '(', 'Chieu', 'and', 'Ng', '2003', ')']","['O', 'O', 'O', 'B-short', 'O', 'B-long', 'O', 'O', 'O', 'O', 'O', 'B-short', 'O', 'B-long', 'I-long', 'I-long', 'O', 'O']","['O', 'O', 'O', 'B-short', 'O', 'B-long', 'I-long', 'O', 'O', 'O', 'O', 'B-short', 'O', 'B-long', 'I-long', 'I-long', 'O', 'O']",False,True
490,"['th', 'fo', 'frture', 'representations', 'abstracts', '(', 'AbT', ')', ',', 'titles', '(', 'ArT', ')', ',', 'authors', '(', 'Aut', ')', ',', 'Journals', '(', 'Jou', ')', ',', 'and', 'Mesh', 'Headings']","['O', 'O', 'O', 'O', 'B-long', 'O', 'B-short', 'O', 'O', 'B-long', 'O', 'B-short', 'O', 'O', 'B-long', 'O', 'B-short', 'O', 'O', 'B-long', 'O', 'B-short', 'O', 'O', 'O', 'O', 'O']","['O', 'O', 'O', 'B-long', 'I-long', 'O', 'B-short', 'O', 'O', 'B-long', 'O', 'B-short', 'O', 'O', 'B-long', 'O', 'O', 'O', 'O', 'B-long', 'O', 'B-short', 'O', 'O', 'O', 'O', 'O']","['th', 'fo', 'frture', 'representations', 'abstracts', '(', 'AbT', ')', 'titles', '(', 'ArT', ')', 'authors', '(', 'Aut', ')', 'Journals', '(', 'Jou', ')', 'and', 'Mesh', 'Headings']","['O', 'O', 'O', 'O', 'B-long', 'O', 'B-short', 'O', 'B-long', 'O', 'B-short', 'O', 'B-long', 'O', 'B-short', 'O', 'B-long', 'O', 'B-short', 'O', 'O', 'O', 'O']","['O', 'O', 'O', 'O', 'B-long', 'O', 'B-short', 'O', 'B-long', 'O', 'B-short', 'O', 'B-long', 'O', 'B-short', 'O', 'B-long', 'O', 'B-short', 'O', 'O', 'O', 'O']",True,False
493,"['Evidence', 'for', 'a', 'text', '?', 's', 'topic', 'and', 'genre', 'comes', ',', 'in', 'part', ',', 'from', 'its', 'lexical', 'and', 'syntactic', 'features', '?', 'features', 'used', 'in', 'both', 'Automatic', 'Topic', 'Classification', 'and', 'Automatic', 'Genre', 'Classification', '(', 'AGC', ')', '.', 'Because', 'an', 'ideal', 'AGC', 'system', 'should']","['O', 'O', 'O', 'O', 'O', 'O', 'O', 'O', 'O', 'O', 'O', 'O', 'O', 'O', 'O', 'O', 'O', 'O', 'O', 'O', 'O', 'O', 'O', 'O', 'O', 'O', 'O', 'O', 'O', 'B-long', 'I-long', 'I-long', 'O', 'B-short', 'O', 'O', 'O', 'O', 'O', 'B-short', 'O', 'O']","['O', 'O', 'O', 'O', 'O', 'O', 'O', 'O', 'O', 'O', 'O', 'O', 'O', 'O', 'O', 'O', 'O', 'O', 'O', 'O', 'O', 'O', 'O', 'O', 'O', 'B-long', 'I-long', 'I-long', 'I-long', 'I-long', 'I-long', 'I-long', 'O', 'B-short', 'O', 'O', 'O', 'O', 'O', 'B-short', 'O', 'O']","['Evidence', 'for', 'a', 'text', 's', 'topic', 'and', 'genre', 'comes', 'in', 'part', 'from', 'its', 'lexical', 'and', 'syntactic', 'features', 'features', 'used', 'in', 'both', 'Automatic', 'Topic', 'Classification', 'and', 'Automatic', 'Genre', 'Classification', '(', 'AGC', ')', 'Because', 'an', 'ideal', 'AGC', 'system', 'should']","['O', 'O', 'O', 'O', 'O', 'O', 'O', 'O', 'O', 'O', 'O', 'O', 'O', 'O', 'O', 'O', 'O', 'O', 'O', 'O', 'O', 'O', 'O', 'O', 'O', 'B-long', 'I-long', 'I-long', 'O', 'B-short', 'O', 'O', 'O', 'O', 'B-short', 'O', 'O']","['O', 'O', 'O', 'O', 'O', 'O', 'O', 'O', 'O', 'O', 'O', 'O', 'O', 'O', 'O', 'O', 'O', 'O', 'O', 'O', 'O', 'O', 'O', 'O', 'O', 'B-long', 'I-long', 'I-long', 'O', 'B-short', 'O', 'O', 'O', 'O', 'B-short', 'O', 'O']",True,False